country,tourism_gdp_share_2019,champion_model,2025_P5,2025_median,2025_P95,risk_ratio
Albania,15.771468843676184,Linear Trend,717245687.1206985,2040172287.5651398,4294674751.789659,0.35156133209548746
Angola,0.5571387170784828,"ARIMA(1,1,1)",562783.0450356847,25477215.978869386,140258308.5068368,0.02208966024790357
Armenia,11.402943461179008,Linear Trend,70333810.29051925,608470679.662896,1533061202.9551222,0.11559112483363287
Aruba,62.10615153788454,Holt-Winters,518492510.70327955,1299894502.7825575,1810384763.3918924,0.3988727620536845
Australia,3.443109022045191,Holt-Winters,15227869666.515768,35232123720.822876,50631395476.295815,0.432215491384523
Austria,5.852134824030208,Linear Trend,8349640251.725289,17471557660.778328,24140679121.762276,0.4778990181550491
Azerbaijan,4.160107500099029,Random Forest,52609261.698479384,589531500.1576502,2067949183.3273687,0.08923910204019772
"Bahamas, The",31.88334536961632,Holt-Winters,162098580.72568825,1192454370.9519696,1753971376.3999069,0.1359369252814935
Bahrain,9.543398211467649,Linear Trend,115757260.44737034,967395103.8972993,1792761801.7953243,0.11965872060032606
Bangladesh,0.1113225402309425,Holt-Winters,127975974.662587,317827984.10578394,618259636.8149393,0.40265798187233337
Barbados,18.50288029897614,"ARIMA(1,1,1)",789214008.0212744,1146928551.4610982,1656818994.653768,0.6881108740521603
Belarus,2.002790777246682,Linear Trend,245283418.81610712,905793902.706536,2138229167.2297616,0.27079385065763173
Belgium,1.9713956861424724,"ARIMA(1,1,1)",4104716314.333322,7529775949.592695,12236275962.802536,0.5451312684217857
Benin,1.6736051317292486,Linear Trend,109575430.12156282,298886362.1674481,692790962.8804928,0.3666123449961035
Bhutan,4.386472225928696,Random Forest,50150631.73691223,148296770.36318907,351605381.82019114,0.3381775045679677
Bolivia,2.3890262554767325,"ARIMA(1,1,1)",53336260.01252988,357379671.57956135,739877538.4095834,0.1492425682098595
Bosnia and Herzegovina,5.980683489246939,Linear Trend,144309277.92574352,594241495.6002536,975911343.1563543,0.2428461812145485
Botswana,4.259260651720745,Linear Trend,48261442.72934986,254942057.43699437,508899893.1597776,0.1893035743671954
Brazil,0.3270719360233293,Random Forest,1531120470.410462,3928018964.9270296,6407795214.152948,0.3897945717884041
Brunei Darussalam,1.4106220218736734,Holt-Winters,57947103.47979553,191703308.02646494,500111771.68376344,0.302274927210937
Bulgaria,7.0404756826796895,Holt-Winters,577362595.7403038,2292277022.5147915,4355461563.389155,0.2518729586648719
Burkina Faso,1.0790370633552802,"ARIMA(1,1,1)",134939236.01814035,279153808.9017469,533797958.8564301,0.4833866911901409
Burundi,0.1436046161609007,Random Forest,1215853.2977540565,4708636.247457413,13460416.36790877,0.25821771609786115
Cabo Verde,25.175639673450384,Random Forest,49507786.82706433,270385254.9206214,518550021.1879039,0.18310091222096642
Cambodia,14.47989203365642,Holt-Winters,284440142.42740536,2199210327.2517366,3862916995.2941594,0.12933739847559672
Cameroon,1.716759510605514,Linear Trend,19789960.739290673,613292706.2323058,2966684657.0250773,0.0322683777879376
Canada,1.146625637297383,"ARIMA(1,1,1)",15592903888.180998,22147703818.121704,31251263731.616184,0.7040415573655344
Cayman Islands,16.223776071249617,Holt-Winters,609793241.3568554,1099640255.3604722,1890552510.3203604,0.5545388488501265
Central African Republic,0.7022910408514571,"ARIMA(1,1,1)",3117084.2397576207,17510536.047576293,57867388.83273163,0.17801192557946102
Chad,0.2209466023965056,Random Forest,15236682.324714107,27460288.399018936,47195266.606361695,0.5548624290944615
Chile,1.1782881966744392,"ARIMA(1,1,1)",243762723.55227306,1226372347.1742997,1860490905.8912954,0.19876730269883358
China,0.194363173754971,Random Forest,19212577605.103638,31480030185.996834,50205479906.776375,0.6103100121438229
Colombia,2.100103480540493,Holt-Winters,479458034.2873409,2789139840.687208,4268374465.7334137,0.17190175526272952
Comoros,6.083582318741454,Linear Trend,3454511.662884706,22990172.500813313,50936928.568103954,0.15026036289038272
"Congo, Rep.",0.3069407836220797,Random Forest,6940620.400219777,53926606.144616276,197173439.03323483,0.12870493614241083
Costa Rica,6.647244405679826,"ARIMA(1,1,1)",418348195.14021677,1860551896.5013947,2934646756.3577747,0.22485166682363658
Cote d'Ivoire,0.9116820297522232,"ARIMA(1,1,1)",44128483.61720792,249576482.51453006,777287986.3153809,0.1768134688517329
Croatia,19.48018707205744,Linear Trend,2542185649.7929106,7453263066.305628,14474579540.287859,0.3410835800611289
Curacao,23.33017314291554,"ARIMA(1,1,1)",92476987.98657678,330242150.2853365,575162905.7712125,0.2800278156700307
Cyprus,12.387071941904328,Holt-Winters,85619860.75575162,680328982.8679645,1097684318.4768395,0.12585067358855764
Czechia,3.1024842928243044,Random Forest,1663592985.1812901,4464178044.005718,7073117704.234945,0.37265381639853773
Denmark,2.6337467297563477,Holt-Winters,7719791640.014227,11108386897.292385,15902231915.945814,0.6949516353176255
Djibouti,1.845344800034599,Holt-Winters,29098442.37037163,89949861.28953063,224806143.4077606,0.32349624505489294
Dominica,18.150985676649608,Linear Trend,11843894.493264683,117476862.14968257,451133020.5698149,0.10081895512474484
Dominican Republic,8.501105596328618,"ARIMA(1,1,1)",7411478707.599409,9774852594.675629,12846701950.989481,0.7582189742315345
Ecuador,2.1264764826525013,Holt-Winters,195753671.87346587,1025748498.0981793,1593340057.931674,0.1908398328015191
"Egypt, Arab Rep.",4.473469621157975,Random Forest,300655862.77495897,4967722850.035086,23635367353.413536,0.06052186723195226
El Salvador,6.190213659093327,Holt-Winters,330036211.1148436,981890158.3280777,1684017763.650684,0.33612335179814384
Estonia,7.247343312726159,Random Forest,280564772.1577352,1086658846.473827,1629063092.1449184,0.258190298701528
Eswatini,0.311220155941549,Linear Trend,0.0,4407270.767470531,102575410.17209733,0.0
Ethiopia,3.679391149719911,Linear Trend,2152818427.1776896,4503890266.560394,8021219148.454778,0.47799087006215846
Fiji,24.704250564927417,Linear Trend,33457111.629034225,295644567.103256,539140394.2204448,0.11316667157745905
Finland,2.2260936583438524,Linear Trend,364927550.3282948,2040059646.7391415,3590864469.3028083,0.17888082385806703
France,2.5993891790040973,Holt-Winters,14876280658.852732,37699049241.66213,56310486864.98297,0.3946062555448373
Gabon,0.1700800708019166,Holt-Winters,0.0,14356685.928308915,203333280.86839005,0.0
"Gambia, The",8.656768909499265,Holt-Winters,12919577.616595794,59921464.34246641,131908290.93154149,0.21560850954437832
Georgia,20.132283312552783,Holt-Winters,132645278.79369509,1210597670.393099,2169558473.0029697,0.10957007603576768
Germany,1.475080389646547,Holt-Winters,49076972144.72207,70171267596.97191,99557681283.70918,0.6993884224323159
Ghana,2.180339884843742,"ARIMA(1,1,1)",23102977.567532744,238408823.562964,561333272.8762476,0.09690487634754519
Greece,11.096176111233133,Linear Trend,1142521402.9990427,7300954684.681057,11296659658.117474,0.15648931575979969
Grenada,45.15918337448592,Holt-Winters,0.0,666221341.7810394,3568606751.1245327,0.0
Guatemala,1.5902074665697072,"ARIMA(1,1,1)",51501833.01228865,372502657.27801436,573132532.8172294,0.13825896810677157
Guinea,0.077364477951962,Linear Trend,0.0,0.0,28577573.19997134,
Guinea-Bissau,1.190956650311019,Holt-Winters,11331343.143741021,31465238.513167642,73837346.0363261,0.3601225885829232
Guyana,0.541192458903024,Random Forest,11313527.902785745,19725571.799482226,33194855.9321712,0.573546258521272
Haiti,4.128904139635018,Holt-Winters,271446274.3880132,865825029.0148715,2204007415.4226494,0.3135116972731344
Honduras,2.234526789400925,Holt-Winters,49625341.46831589,222303328.2461145,345617222.7775861,0.2232325618327006
"Hong Kong SAR, China",9.0055886439191,Random Forest,26605418109.427414,46550494433.861404,78410797502.30988,0.5715388941191203
Hungary,6.233978358141692,Linear Trend,1506721707.5839584,5047741126.339306,8141992127.438597,0.29849425116550193
Iceland,3.569497724752752,Holt-Winters,771842814.7986637,1060444645.9908942,1450430080.780182,0.7278482829977826
India,1.1165513521764328,Holt-Winters,6536891586.241906,21285877864.623894,34248683900.297474,0.3070999292496132
Indonesia,1.6446253342169497,Holt-Winters,515766242.4281546,4253648763.592451,7881895210.091553,0.12125266355855868
"Iran, Islamic Rep.",1.5747221884103422,Holt-Winters,3892584727.2395973,8941555947.849548,18541591966.234642,0.43533639446451905
Ireland,3.63721373021361,Holt-Winters,920939164.6200191,5606053931.851403,8341039568.704999,0.1642758303461198
Israel,2.116596385352275,Linear Trend,553454830.3364661,2783612043.4442697,5075866072.420792,0.19882613729880808
Italy,2.5703023027954552,Linear Trend,6165579723.399902,22162618976.194008,30763338927.646725,0.27819725322276506
Jamaica,13.012635811390464,Random Forest,1661413387.306121,2186794658.0084887,2868810827.1647696,0.7597482375501906
Japan,0.961490017636433,"ARIMA(1,1,1)",2317209503.7689414,16809377027.981544,39406957516.92484,0.13785219404095844
Jordan,15.201220224574469,Linear Trend,384495353.02975595,2527608189.2451725,4543021496.544916,0.15211825735719703
Kazakhstan,1.60843577905402,Linear Trend,109652214.22560306,877702402.5230808,1580708135.2126653,0.12493097194492361
Kenya,1.7553570931907112,Random Forest,784670280.5072051,1950015960.9104648,4236091051.7435055,0.40239172203536305
Kiribati,2.382649235221923,Holt-Winters,4553470.480774525,5900947.251751086,7599298.167933323,0.7716507683445735
"Korea, Rep.",1.541458550673548,Linear Trend,4812007052.067063,14097101630.96279,25930656090.599846,0.34134726258183457
Kuwait,0.850511615823687,Linear Trend,191884528.76349714,641700226.0302283,1396996066.5566306,0.2990251849380806
Kyrgyz Republic,7.555001640940453,Holt-Winters,40557136.56571265,400610422.9440695,1550247365.9269543,0.10123834589140224
Lao PDR,5.197282906104255,Holt-Winters,51369110.78797841,368295451.1415831,766364645.5448177,0.13947799417221335
Latvia,2.6586501154422324,Random Forest,701961455.5194566,1326285345.9336605,2359679307.871711,0.5292688015227215
Lebanon,16.891460107980723,Holt-Winters,0.0,1348272849.6379743,29791111120.365067,0.0
Libya,0.2454714259159816,"ARIMA(1,1,1)",21811528.893973883,230218145.90618044,896057816.1162784,0.09474287445118518
Lithuania,1.513005692826705,"ARIMA(1,1,1)",547403617.6271328,888086622.698973,1404460467.4879167,0.616385388131988
Luxembourg,8.076919710144265,"ARIMA(1,1,1)",3277109634.634129,5221878263.228199,7726039364.545413,0.6275729669362684
"Macao SAR, China",74.73544968281817,Random Forest,2337118230.5642104,16978126727.156506,32150889409.762802,0.13765465814470515
Madagascar,6.742450257957581,Holt-Winters,33216142.198462278,276056172.55123436,727674484.7466367,0.12032385253873489
Malawi,0.5609912602742143,Random Forest,11049765.345328098,35065106.39695056,84657058.18026172,0.3151213979002511
Malaysia,6.079231760880614,Holt-Winters,483289135.6731505,4542955120.963648,8665060442.220066,0.10638210653743715
Mali,1.336786152813779,Random Forest,127466088.00560816,357014470.988886,843186107.0155344,0.35703339321944805
Malta,7.253121406924236,Random Forest,905553855.8504156,1259574332.8524795,1744318400.5508718,0.7189364154473236
Mauritius,14.020167310020582,Linear Trend,90782338.39058468,618523481.5368862,1003197159.931381,0.14677266280176104
Mexico,1.9819704811440932,Holt-Winters,4727183992.076867,14393708154.789337,20026829043.509853,0.328420163952258
"Micronesia, Fed. Sts.",6.852791878172589,"ARIMA(1,1,1)",22100274.949372098,31091017.443856243,43466842.450877845,0.7108250795999356
Moldova,4.490151764097514,Linear Trend,289858983.4854696,600206988.7275474,1080627386.8707137,0.48293170344446884
Mongolia,4.25865627677103,Holt-Winters,2306811.5675760997,63715778.75724185,312087867.35237086,0.03620471431990322
Morocco,7.717173007075101,Random Forest,2053020807.508178,6070004297.8706,9954121145.420824,0.33822394627107466
Mozambique,2.088603316954818,Random Forest,22829695.463769533,141243049.0803831,466218793.8234154,0.16163411659838128
Myanmar,3.331774409822201,Random Forest,0.0,3309946498.2383595,29879754213.555553,0.0
Namibia,3.595938272704536,Random Forest,31140886.06199653,174546644.54369706,524915537.6163239,0.17841011005055749
Nepal,2.343052027519509,Linear Trend,45515639.20684777,276625113.0040656,774300068.4271934,0.1645390713538681
Netherlands,2.5539696015842,Linear Trend,4164556291.0979977,12005015077.825266,17410577059.6272,0.3469013794735205
New Zealand,5.149710709587558,"ARIMA(1,1,1)",9675446510.999985,15932518075.115915,25486826528.410862,0.6072766693490534
Niger,1.008568521873811,Holt-Winters,41543560.061315134,191902909.81367213,590657676.6830148,0.2164821789396096
Nigeria,0.3099991103346219,Holt-Winters,0.0,396029208.2078216,5131312863.34837,0.0
North Macedonia,3.1809395062387766,Linear Trend,137407998.88474503,354120287.85121095,751227048.3680619,0.3880263390683764
Norway,1.7223543253607163,Holt-Winters,494426971.09907705,2556247737.8600283,4142879133.80282,0.19341903516479522
Oman,3.494174439003646,Holt-Winters,137810300.55186224,1054936404.6920676,1729383334.0414395,0.13063375189150725
Pakistan,0.3091214451961382,Random Forest,534527945.2983635,871691279.0996917,1304187998.7222326,0.6132078616760278
Panama,10.106193681974585,"ARIMA(1,1,1)",491292448.97191113,3297189144.743518,5103285999.794961,0.14900341697264924
Papua New Guinea,0.017090476871721,Random Forest,0.0,0.0,254164722.8349265,
Paraguay,1.0784346772343565,Holt-Winters,19941405.10328249,131989531.92534894,259422222.17322832,0.15108323222602996
Peru,2.05959372020935,Linear Trend,178033618.78644726,1400783946.2856727,2167130369.5508237,0.12709570184504349
Philippines,3.039885509168688,Linear Trend,509159553.05472094,3546473430.152994,7643905873.88451,0.1435678465051283
Poland,2.607005660069952,Linear Trend,3792318099.643567,9541617748.76482,17845988592.93769,0.39745022275017144
Portugal,10.24171778059817,Holt-Winters,4368122813.199106,13933455139.797073,21048533640.199017,0.31349889667515185
Romania,1.6846984863704717,Linear Trend,562942465.2143523,2631129034.81112,7281843827.83321,0.21395471592854207
Russian Federation,1.0179462099403027,Random Forest,1085854050.2448027,6181644961.716275,11878912431.88148,0.17565778315798417
Rwanda,6.144376924479475,"ARIMA(1,1,1)",86365739.93111673,421340484.0921034,1007547699.5262655,0.2049784988433191
Samoa,22.575157553932765,Linear Trend,3285426.4169640173,32342826.748747535,43954687.178731084,0.10158130093224595
Sao Tome and Principe,17.410209216894543,"ARIMA(1,1,1)",26556847.29044133,114195592.63048974,342280540.2710266,0.23255579903484616
Saudi Arabia,2.3670204139262703,Holt-Winters,1582795090.9032552,8592700373.981728,13194532695.079615,0.18420229055069587
Senegal,2.37993546139374,Holt-Winters,273218121.8148705,705795913.190136,1568969596.842462,0.38710640952842645
Serbia,3.713007285356584,Linear Trend,523010952.9145069,2791114228.137006,9340438916.533,0.18738428819647512
Seychelles,33.07129422261775,Holt-Winters,71500938.99637893,281526119.9111699,414268487.7242515,0.25397621726516767
Sierra Leone,0.5978314729864226,Random Forest,562610.2227147253,59127130.430355385,290075883.7933394,0.009515263443698019
Singapore,5.4167977354618255,"ARIMA(1,1,1)",14174604687.166714,28098526758.348305,52209239737.76041,0.5044607786404788
Slovak Republic,3.1650503372207823,Holt-Winters,511639636.3039777,1914020905.3673573,3753939431.335886,0.26731141486972365
Slovenia,6.219819891237602,Random Forest,548442357.1412854,1780530852.42351,2732930977.6837745,0.30802182191608274
Solomon Islands,5.064369941060894,Linear Trend,0.0,3896384.476224621,159406033.5892009,0.0
South Africa,2.3281019314684643,Random Forest,557451919.7945741,3008463329.953364,6439179704.262456,0.18529457023603327
Sri Lanka,5.238444233477648,"ARIMA(1,1,1)",236324211.81782335,1722583258.7007308,3774025139.3189263,0.1371917500208799
St. Kitts and Nevis,33.12706229251694,Holt-Winters,0.0,403673229.30966055,2535500880.175385,0.0
St. Lucia,47.19929297392842,Holt-Winters,378485599.4031193,1280357500.9242892,3381077416.12875,0.2956093115632867
Sudan,3.22529979183032,"ARIMA(1,1,1)",0.0,0.0,9454563145693.926,
Suriname,1.5936093972008305,"ARIMA(1,1,1)",0.0,13076945.956084128,91610203.70672107,0.0
Sweden,2.005752702573564,"ARIMA(1,1,1)",8357513425.828317,12623581210.397316,18883929102.110004,0.6620556628530037
Switzerland,2.946757717370245,"ARIMA(1,1,1)",4129132664.258273,11576446099.718746,16507375628.475483,0.3566839623050283
Syrian Arab Republic,8.041431061083832,"ARIMA(1,1,1)",418290142.9685759,2181018555.933365,7030983296.287864,0.19178660439666412
Tajikistan,2.1576199002762584,Random Forest,0.0,0.0,4018175527.186669,
Tanzania,4.300574383019247,"ARIMA(1,1,1)",2093361870.6867602,3923883348.7392235,6927744383.53668,0.5334923810513824
Thailand,11.833411425721586,Holt-Winters,3184421370.5171366,22654024107.94304,38490732811.55693,0.1405675810771563
Togo,3.775365683825144,Linear Trend,183080203.0228158,573221958.6128978,1442289557.3356113,0.31938797924950324
Trinidad and Tobago,2.023077445247405,Random Forest,28909994.140290495,146021368.0483756,265160487.72553635,0.19798468215085388
Tunisia,6.402479105760548,"ARIMA(1,1,1)",244577696.3415161,965580630.4685218,1906369001.1686473,0.2532959844304679
Uganda,3.960602742125391,Linear Trend,182580448.02896732,757638044.8688412,1624505003.4848878,0.24098637768457734
Ukraine,1.6863455994647485,Random Forest,75389606.65750849,828153431.9010202,3354520114.3084774,0.09103338071600114
United Arab Emirates,9.190010850470152,"ARIMA(1,1,1)",21786144492.745167,57312565890.94214,124247583740.70831,0.3801285835675404
United States,1.1116397404603218,"ARIMA(1,1,1)",22602655460.19606,95876159941.02151,137660219687.31708,0.23574844334712766
Uruguay,3.7526723241437305,"ARIMA(1,1,1)",402700028.95233303,1270407441.7104046,2767367519.8885207,0.3169849417838426
Uzbekistan,2.495035199507712,Linear Trend,83823894.66046172,667707852.7471608,1984376508.3430078,0.1255397765887937
Vanuatu,31.499383434155423,Holt-Winters,12430020.434740407,91525874.9056359,155119578.04011083,0.13580881305484252
"Venezuela, RB",0.1131936253237278,"ARIMA(1,1,1)",196875266.527455,510567239.02032673,1138233112.8639448,0.38560105600433364
Viet Nam,3.538046873835817,Holt-Winters,806602548.5656778,4967949051.215388,9118951735.972885,0.16236127630341654
West Bank and Gaza,1.429947179502145,"ARIMA(1,1,1)",0.0,798118.0675746144,6033701568.445186,0.0
Zimbabwe,1.108198693981977,"ARIMA(1,1,1)",0.0,23550959.777905032,625255137.4998255,0.0
