country,tourism_gdp_share_2019,champion_model,2025_P5,2025_median,2025_P95,risk_ratio,tier,confidence,years_used
"Congo, Dem. Rep.",0.116849889501494,Holt-Winters,-1454510058011.4673,83952082.47882706,4900797962867.377,-17325.479190802667,tier1,high,22
Sudan,3.22529979183032,Holt-Winters,-4256755678951.377,271342661.7300693,8367032431343.453,-15687.749400741055,tier1,high,22
Marshall Islands,8.630313603035509,Holt-Winters,-8079311570.769036,1128688.3908727719,11587270616.77147,-7158.141818506357,tier2,medium,22
Papua New Guinea,0.017090476871721,Holt-Winters,-123648891.64280024,122506.52671941425,219023914.56403983,-1009.3249311198124,tier1,high,22
Tajikistan,2.1576199002762584,Holt-Winters,-1150461196.0146723,10251836.53653673,3729733373.942254,-112.22000974308554,tier1,high,22
Guinea,0.077364477951962,Holt-Winters,-7900108.112274707,134257.47278313883,27275915.760079,-58.84296753474171,tier1,high,22
West Bank and Gaza,1.429947179502145,Holt-Winters,-1332088555.68307,47690644.242974624,5253342193.442902,-27.931863299986805,tier1,high,22
Solomon Islands,5.064369941060894,Holt-Winters,-27350595.450477865,3442517.1163313324,144073643.3097311,-7.9449410202570645,tier1,high,22
Zimbabwe,1.108198693981977,Holt-Winters,-91223134.26943466,19456467.74917599,556103958.1686442,-4.688576335922953,tier1,high,22
Nauru,1.2813211817719408,Holt-Winters,-3143519.8239787165,708573.5340824754,20039098.80085299,-4.43640592369743,tier2,medium,22
Eswatini,0.311220155941549,Holt-Winters,-13922297.745420292,3424598.8433816424,91395864.44747065,-4.065380613068428,tier1,high,22
Lebanon,16.891460107980723,Holt-Winters,-4037742213.887574,1057984472.9974489,26675494302.494297,-3.8164475159526376,tier1,high,22
Gabon,0.1700800708019166,Holt-Winters,-19184878.348941267,12374741.70076064,183722779.7156004,-1.5503255593417378,tier1,high,22
Nigeria,0.3099991103346219,Holt-Winters,-465591454.6400536,328677069.37030107,4639606635.606118,-1.4165620240318595,tier1,high,22
Myanmar,3.331774409822201,Holt-Winters,-1742236006.656353,2787501178.984864,27152518114.274704,-0.625017137137438,tier1,high,22
Afghanistan,0.4521410196173833,Holt-Winters,-18909214.28880939,55950758.41036199,452564644.61972916,-0.33796171537341363,tier2,medium,22
Suriname,1.5936093972008305,Holt-Winters,-3254012.6468337355,10634938.988272402,83048282.84987262,-0.3059737954700138,tier1,high,22
Iraq,1.5378616719880869,Holt-Winters,-253221154.73780346,1034310709.5359309,7652659299.8451,-0.24482116679563087,tier1,high,22
St. Kitts and Nevis,33.12706229251694,Holt-Winters,-52249828.03181578,345474158.6690809,2337295751.8594446,-0.15124091548006138,tier1,high,22
Angola,0.5571387170784828,Holt-Winters,-2219493.7398424568,19808813.39602132,127284947.6906042,-0.11204576950016859,tier1,high,22
Mongolia,4.25865627677103,Holt-Winters,-3101100.6650898787,49600046.753956765,285332507.25994,-0.062522131893807,tier1,high,22
Grenada,45.15918337448592,Holt-Winters,-34864817.488261424,572053413.03143,3295795020.77563,-0.060946786950374976,tier1,high,22
"Egypt, Arab Rep.",4.473469621157975,Holt-Winters,-85995541.14984804,4086775713.857785,21548700288.534237,-0.021042393116472498,tier1,high,22
Cameroon,1.716759510605514,Holt-Winters,-9522613.066358708,501427873.55900025,2694798709.7806096,-0.018990992660160196,tier1,high,22
Sierra Leone,0.5978314729864226,Holt-Winters,-496975.3093542253,50601590.05352889,267675936.98552224,-0.009821337804375316,tier1,high,22
Mauritania,0.1735327144937099,Holt-Winters,15082.157743408012,3289970.7929333216,14740071.243591355,0.00458428317230161,tier1,high,22
Equatorial Guinea,0.123194609942882,Holt-Winters,64313.80877153933,11076744.973401021,52491903.56511801,0.005806201093008672,tier2,medium,22
Ukraine,1.6863455994647485,Holt-Winters,11747126.936509386,675882771.3698561,3089294131.0856643,0.017380420738792778,tier1,high,22
Kyrgyz Republic,7.555001640940453,Holt-Winters,14758019.96157204,327826502.64093626,1435025667.5439582,0.045017775691357974,tier1,high,22
Dominica,18.150985676649608,Holt-Winters,5886981.94747145,102609778.94203708,420868583.4912565,0.05737252343947578,tier1,high,22
Azerbaijan,4.160107500099029,Holt-Winters,26984854.79646931,462574752.930029,1933609494.591529,0.05833620323102924,tier1,high,22
Libya,0.2454714259159816,Holt-Winters,12093436.990379259,199365545.83153886,832656215.2091593,0.060659613675665136,tier1,high,22
"Congo, Rep.",0.3069407836220797,Holt-Winters,4040636.1543128793,47117987.32201725,183307232.24263474,0.08575570358508872,tier1,high,22
Mozambique,2.088603316954818,Holt-Winters,10917835.469065208,115615878.26693302,433655378.3437706,0.09443197277676857,tier1,high,22
Cote d'Ivoire,0.9116820297522232,Holt-Winters,24329480.034606643,204465802.04950017,726236255.5354513,0.11899046095110123,tier1,high,22
Central African Republic,0.7022910408514571,Holt-Winters,1851177.8938781477,15490057.674699802,54278887.95915275,0.11950748878757958,tier1,high,22
Namibia,3.595938272704536,Holt-Winters,17017582.595224775,142237204.30978096,492985540.592082,0.1196422741701382,tier1,high,22
Uzbekistan,2.495035199507712,Holt-Winters,66041795.38816117,525944872.3277075,1879954882.982315,0.1255679042860059,tier1,high,22
Serbia,3.713007285356584,Holt-Winters,303579047.25167793,2347044965.6783,8518116196.504974,0.12934521992165715,tier1,high,22
Syrian Arab Republic,8.041431061083832,Holt-Winters,255032661.97806093,1930346304.7872696,6594633610.872005,0.1321175694462587,tier1,high,22
Nepal,2.343052027519509,Holt-Winters,31281702.751443774,222099585.35406685,734602175.4377412,0.14084539015043676,tier1,high,22
Madagascar,6.742450257957581,Holt-Winters,31125830.82777967,212751511.24267966,697888522.7415354,0.14630133833585468,tier1,high,22
Ghana,2.180339884843742,Holt-Winters,26904228.407584164,176392065.0848484,552729758.3828762,0.15252516259528254,tier1,high,22
Niger,1.008568521873811,Holt-Winters,27336148.69104408,169883992.05097836,547903920.7884059,0.16091068005301593,tier1,high,22
Romania,1.6846984863704717,Holt-Winters,357777855.3708084,2149681444.669882,6874000027.763219,0.16643296440871078,tier1,high,22
Armenia,11.402943461179008,Holt-Winters,79413595.5372124,466424760.7257604,1485524856.6269064,0.17026024822019367,tier1,high,22
Sao Tome and Principe,17.410209216894543,Holt-Winters,17785019.68170119,101261651.13162172,316619407.67617303,0.17563430462519222,tier1,high,22
Burundi,0.1436046161609007,Holt-Winters,767024.8548618574,4222790.655517076,12489103.570480427,0.18163932750484313,tier1,high,22
Japan,0.961490017636433,Holt-Winters,2404673612.9558163,13044479736.6393,38238039117.479904,0.1843441564174902,tier1,high,22
Comoros,6.083582318741454,Holt-Winters,3588930.321784744,17875630.61777778,50028328.702662915,0.2007722355940528,tier1,high,22
Algeria,0.0723665070470247,Holt-Winters,5329205.973813891,26471365.783190705,66727867.84824535,0.20131964544111028,tier1,high,22
Sri Lanka,5.238444233477648,Holt-Winters,269559280.0755409,1327509520.3964758,3720545160.3574533,0.20305638184427782,tier1,high,22
Philippines,3.039885509168688,Holt-Winters,570198886.2305132,2737387367.446945,7574650831.822336,0.20830040096309627,tier1,high,22
Rwanda,6.144376924479475,Holt-Winters,71041246.2947099,339484782.7402433,969561783.5560185,0.20926194606215118,tier1,high,22
Eritrea,2.32445337549686,Holt-Winters,9842272.126727413,47017938.31881958,129827801.11090268,0.20933015097320648,tier2,medium,22
Brunei Darussalam,1.4106220218736734,Holt-Winters,36472511.277870856,173895125.52836818,474577717.5781146,0.20973854883540688,tier1,high,22
Malawi,0.5609912602742143,Holt-Winters,6318135.14563888,29836975.91374681,79960292.0789754,0.2117552115168589,tier1,high,22
St. Lucia,47.19929297392842,Holt-Winters,246396782.50182745,1152594130.8685727,3179544420.469289,0.21377584346724687,tier1,high,22
"Gambia, The",8.656768909499265,Holt-Winters,10411529.237188092,48123696.561242506,128215503.31226584,0.21634932436950924,tier1,high,22
South Africa,2.3281019314684643,Holt-Winters,515673002.0721666,2379862929.0125084,6327137546.1535425,0.21668180792502117,tier1,high,22
Belarus,2.002790777246682,Holt-Winters,164204555.95349818,747490763.9868442,2044279052.0116644,0.21967436102847712,tier1,high,22
Malaysia,6.079231760880614,Holt-Winters,732726291.5634271,3321539374.5522165,8908928507.08813,0.22059840602136696,tier1,high,22
Lao PDR,5.197282906104255,Holt-Winters,63320342.55678691,282884787.36961937,766132747.7197661,0.2238379205384844,tier1,high,22
"Yemen, Rep.",0.5368839062143083,Holt-Winters,16592321.493281668,73228716.64965248,177893979.44449306,0.22658216956968083,tier1,high,22
Bolivia,2.3890262554767325,Holt-Winters,62677967.62144751,275649099.2468231,738175600.0429465,0.22738317590265042,tier1,high,22
Haiti,4.128904139635018,Holt-Winters,178191136.2401458,776845877.4190712,2073915414.732917,0.2293777201111672,tier1,high,22
Argentina,1.2627450268859115,Holt-Winters,323961202.75958765,1385405134.3682191,3496588886.992058,0.23383860411873122,tier2,medium,22
Indonesia,1.6446253342169497,Holt-Winters,741186415.7665573,3161991791.0669584,8110786503.657365,0.23440491460493545,tier1,high,22
Fiji,24.704250564927417,Holt-Winters,51286486.4286652,218084860.30351922,559350180.1352195,0.23516756897882468,tier1,high,22
Bahrain,9.543398211467649,Holt-Winters,169676911.65502387,717983610.2236878,1844496086.524121,0.23632421303065823,tier1,high,22
Paraguay,1.0784346772343565,Holt-Winters,24246426.16546748,101662535.36194843,260285544.75335217,0.23849912929225198,tier1,high,22
Sint Maarten (Dutch part),50.28836088640731,Holt-Winters,42447865.485664055,176466040.25707912,417258232.29768205,0.24054410369170853,tier1,high,22
Djibouti,1.845344800034599,Holt-Winters,19483282.398919612,80579930.4825316,211461717.2178268,0.24178827509839146,tier1,high,22
Uganda,3.960602742125391,Holt-Winters,148959579.27792174,612642932.4499245,1584503616.329794,0.24314257357420382,tier1,high,22
Bhutan,4.386472225928696,Holt-Winters,31026361.048638374,127028153.47706312,331115413.87982523,0.2442479103991751,tier1,high,22
Kuwait,0.850511615823687,Holt-Winters,129709302.38645828,530155663.4151994,1345721331.2933269,0.24466267426228452,tier1,high,22
Tunisia,6.402479105760548,Holt-Winters,191451709.213378,781915615.194333,1868542021.7942371,0.2448495790249638,tier1,high,22
Botswana,4.259260651720745,Holt-Winters,49027018.24543865,199915434.46310073,504674590.68745816,0.24523878497479284,tier1,high,22
Montenegro,23.02395390405067,Holt-Winters,34343991.449239485,139310799.1005246,331548549.9514614,0.24652784759677798,tier1,high,22
Uruguay,3.7526723241437305,Holt-Winters,261465747.06800294,1057838661.9657605,2659563387.7649484,0.2471697778393979,tier1,high,22
Bermuda,8.095949802417065,Holt-Winters,16199023.091858162,65277570.190449424,149429705.10314605,0.248156036516019,tier2,medium,22
Togo,3.775365683825144,Holt-Winters,126109971.67338307,507553952.457322,1340034272.1340919,0.24846614052126234,tier1,high,22
Cyprus,12.387071941904328,Holt-Winters,125718212.25405742,499896282.970718,1167584674.500846,0.25148859180739597,tier1,high,22
Russian Federation,1.0179462099403027,Holt-Winters,1212055331.219314,4806295955.032198,11910455827.592379,0.2521807526126831,tier1,high,22
Trinidad and Tobago,2.023077445247405,Holt-Winters,28960835.912869327,114676313.75329784,266503338.43884614,0.25254418253426353,tier1,high,22
"Macao SAR, China",74.73544968281817,Holt-Winters,3256509945.712341,12867723404.943594,32719433524.806984,0.25307584280691303,tier1,high,22
Kazakhstan,1.60843577905402,Holt-Winters,166401948.95754048,653032499.1950333,1637664842.4868977,0.2548141924983173,tier1,high,22
Georgia,20.132283312552783,Holt-Winters,226451642.57497254,887168108.5421691,2268168641.2638755,0.25525223505507555,tier1,high,22
Israel,2.116596385352275,Holt-Winters,563568977.0691639,2191792297.7177973,5109818678.465375,0.25712699951358525,tier1,high,22
"Venezuela, RB",0.1131936253237278,Holt-Winters,121224879.9865341,467438052.30072373,1093859759.9339786,0.25933892071872816,tier1,high,22
Vanuatu,31.499383434155423,Holt-Winters,18138032.150203157,68359961.55351985,162228950.17295963,0.2653312222243231,tier1,high,22
Finland,2.2260936583438524,Holt-Winters,421260919.56151956,1584628446.0012589,3663038567.4725933,0.265842078390397,tier1,high,22
Cabo Verde,25.175639673450384,Holt-Winters,55930845.21672893,210286484.45605114,519536232.44981563,0.26597451263406424,tier1,high,22
Benin,1.6736051317292486,Holt-Winters,72073113.90319116,270136322.1252223,657188075.1186973,0.2668027510561186,tier1,high,22
Samoa,22.575157553932765,Holt-Winters,5958886.854493719,22250522.510245934,52056486.36367711,0.2678088504101316,tier1,high,22
Jordan,15.201220224574469,Holt-Winters,518301082.05987406,1927629993.240971,4663666952.425894,0.26887996341478476,tier1,high,22
Mali,1.336786152813779,Holt-Winters,86074279.91929093,319802159.4794138,794669409.6062115,0.26914852626200503,tier1,high,22
Viet Nam,3.538046873835817,Holt-Winters,1035198023.2983015,3820998765.2145314,9283324816.113417,0.27092341215142474,tier1,high,22
Bulgaria,7.0404756826796895,Holt-Winters,499550703.2276752,1841280257.0576935,4311552724.44979,0.2713061747731663,tier1,high,22
Mauritius,14.020167310020582,Holt-Winters,127067805.77808441,466469148.3918206,1052212835.714388,0.27240345093809104,tier1,high,22
Guinea-Bissau,1.190956650311019,Holt-Winters,7738458.043352047,28183630.199260134,69507113.98582682,0.2745727923848218,tier1,high,22
Cambodia,14.47989203365642,Holt-Winters,450120755.2513294,1636150278.5354695,4028135065.164421,0.275109665142884,tier1,high,22
Slovak Republic,3.1650503372207823,Holt-Winters,428771961.50839037,1545369744.6534393,3695001558.099678,0.27745590528857267,tier1,high,22
Albania,15.771468843676184,Holt-Winters,472238974.3918222,1699173671.7204156,4137546548.383277,0.2779227234104208,tier1,high,22
Peru,2.05959372020935,Holt-Winters,286387114.99063444,1028286520.4956646,2345598225.431502,0.2785090626808833,tier1,high,22
Thailand,11.833411425721586,Holt-Winters,4733910828.951811,16989628275.724371,40208752929.2894,0.2786353386975428,tier1,high,22
Kenya,1.7553570931907112,Holt-Winters,496499019.2604287,1779186068.3217697,4047194804.849381,0.27905963749410145,tier1,high,22
Guatemala,1.5902074665697072,Holt-Winters,77410255.25599883,277172467.5210824,613805135.5347743,0.2792855147133646,tier1,high,22
Turkiye,5.442139035034125,Holt-Winters,3318280746.5441437,11781425764.71856,25395481058.414146,0.28165358020429815,tier1,high,22
Guyana,0.541192458903024,Holt-Winters,5298090.980498045,18676939.81428688,32662345.675832633,0.28367018543612177,tier1,high,22
Senegal,2.37993546139374,Holt-Winters,181084618.95195594,638190640.725523,1491038044.5536551,0.2837469047588837,tier1,high,22
Oman,3.494174439003646,Holt-Winters,221485210.5788682,779393124.2948749,1836749700.8831995,0.2841765005038352,tier1,high,22
North Macedonia,3.1809395062387766,Holt-Winters,86140189.52232914,302699157.01733255,715099503.0405272,0.2845736022892087,tier1,high,22
Greece,11.096176111233133,Holt-Winters,1567166622.4679563,5506743109.88906,11967780410.106388,0.28459047229815826,tier1,high,22
"Bahamas, The",31.88334536961632,Holt-Winters,252591347.65345615,884541457.2523658,1911994153.6113992,0.28556190960011735,tier1,high,22
Croatia,19.48018707205744,Holt-Winters,1767916804.6459997,6184616084.327717,14050335868.526615,0.28585716243988596,tier1,high,22
Norway,1.7223543253607163,Holt-Winters,567053931.0075153,1979047829.0336235,4278591268.727686,0.2865286642841825,tier1,high,22
United Arab Emirates,9.190010850470152,Holt-Winters,13917407618.593365,48520723772.22897,117515063498.9191,0.2868342954636437,tier1,high,22
Curacao,23.33017314291554,Holt-Winters,78495799.65301554,267438067.69865274,572923687.9902048,0.2935101959436232,tier1,high,22
Chile,1.1782881966744392,Holt-Winters,276559602.85384935,940862043.1071643,1970102433.1191268,0.2939427782000014,tier1,high,22
"Korea, Rep.",1.541458550673548,Holt-Winters,3450280967.6726446,11716694897.217455,25298883691.24873,0.2944756177351717,tier1,high,22
St. Vincent and the Grenadines,27.998389635105948,Holt-Winters,19861489.186223835,67387759.47216539,130247831.74140055,0.29473437523067747,tier1,high,22
Honduras,2.234526789400925,Holt-Winters,51426190.25492172,173099257.57382137,360473736.4670609,0.2970907615417708,tier1,high,22
Poland,2.607005660069952,Holt-Winters,2410203051.2340684,8088216756.6198845,17164522675.250694,0.29798942384443555,tier1,high,22
Tonga,11.554076874458886,Holt-Winters,17262087.621515322,57379666.37617528,128233090.30717722,0.3008398046155728,tier1,high,22
Costa Rica,6.647244405679826,Holt-Winters,437982770.25605583,1455279206.890142,3039822223.1485815,0.3009613331808697,tier1,high,22
Colombia,2.100103480540493,Holt-Winters,637420355.718961,2117874735.3665283,4534124267.096496,0.3009716982192747,tier1,high,22
Ireland,3.63721373021361,Holt-Winters,1276044328.3651712,4230940738.559761,8968761594.964905,0.3015982513618342,tier1,high,22
Cuba,2.5573444612463208,Holt-Winters,285768892.3225202,947290057.8715991,1804725641.4789925,0.301669895031512,tier2,medium,22
Liberia,3.705269601290398,Holt-Winters,38954771.25849684,129075181.03941461,274955845.75480014,0.30179908286629903,tier2,medium,22
Timor-Leste,3.837543216640532,Holt-Winters,29605789.486763064,98053051.47375974,219298621.8461458,0.3019364419748421,tier1,high,22
Bosnia and Herzegovina,5.980683489246939,Holt-Winters,142446632.18740723,468950976.0220021,995462247.9155581,0.3037559136687327,tier1,high,22
Saudi Arabia,2.3670204139262703,Holt-Winters,1993637096.7889674,6556350209.171463,13950480451.533642,0.3040772736636511,tier1,high,22
Antigua and Barbuda,57.49551889577012,Holt-Winters,101226442.06069398,332719167.52808416,595959188.9599386,0.30423988738836233,tier1,high,22
United States,1.1116397404603218,Holt-Winters,22693027363.641644,74566728362.75473,147505823173.9904,0.3043318093995467,tier1,high,22
Ecuador,2.1264764826525013,Holt-Winters,239550044.96393356,786815097.8856452,1675245368.7170153,0.30445532324895663,tier1,high,22
Bangladesh,0.1113225402309425,Holt-Winters,82242910.05548207,269207422.53883076,595659391.0937519,0.30550015775890904,tier1,high,22
Virgin Islands (U.S.),25.018199466148992,Holt-Winters,177897652.94869152,579602472.5737193,1040441636.4356425,0.3069304590070824,tier2,medium,22
Italy,2.5703023027954552,Holt-Winters,5393655272.166622,17530938705.69632,33146502356.03216,0.30766494382950893,tier1,high,22
Panama,10.106193681974585,Holt-Winters,762793771.9590786,2472268763.3812037,5471629227.54127,0.30853998693727863,tier1,high,22
Maldives,55.37805626873231,Holt-Winters,375327135.497852,1212676901.7599857,2188807145.1341686,0.3095029970086271,tier1,high,22
France,2.5993891790040973,Holt-Winters,9809730018.523163,31547230325.8191,57459077868.580894,0.31095376415642473,tier1,high,22
Hungary,6.233978358141692,Holt-Winters,1264858992.0629687,4067114723.0620155,8259657412.798603,0.3109966347619258,tier1,high,22
South Sudan,0.1000183303575359,Holt-Winters,3017687.9033929287,9691450.084889792,16551705.956475088,0.3113763035418084,tier2,medium,22
El Salvador,6.190213659093327,Holt-Winters,253462884.22348908,810383059.6869547,1671443100.9691,0.31276922832197407,tier1,high,22
Seychelles,33.07129422261775,Holt-Winters,69057352.87791342,220651617.96417463,437756678.96952873,0.31297007252911097,tier1,high,22
Czechia,3.1024842928243044,Holt-Winters,1160664682.3129275,3704325982.9398823,7075444246.950035,0.31332682049536675,tier1,high,22
Estonia,7.247343312726159,Holt-Winters,269182008.59474474,853392742.9804133,1708135720.0374093,0.3154257061697593,tier1,high,22
Netherlands,2.5539696015842,Holt-Winters,3106797381.8173456,9818391529.455132,18157406148.65407,0.3164263079646974,tier1,high,22
Belgium,1.9713956861424724,Holt-Winters,2129591601.6722379,6688397053.334017,11831116991.456179,0.3184008940693322,tier1,high,22
Slovenia,6.219819891237602,Holt-Winters,459265592.2399456,1430430450.4065418,2804995517.381483,0.3210681037371778,tier1,high,22
Switzerland,2.946757717370245,Holt-Winters,3042942459.2220674,9472160238.422897,17309502264.106663,0.3212511594639908,tier1,high,22
Morocco,7.717173007075101,Holt-Winters,1606685126.0456712,4977703925.645754,9988700148.875778,0.3227763543283136,tier1,high,22
"Iran, Islamic Rep.",1.5747221884103422,Holt-Winters,2631919039.7639446,8101074066.430775,17487031760.80223,0.3248851964790804,tier1,high,22
Brazil,0.3270719360233293,Holt-Winters,1072636238.909312,3282507478.002699,6358203149.580999,0.3267734334491073,tier1,high,22
Tuvalu,4.434327725587811,Holt-Winters,831039.6732107919,2543020.471915481,4813224.487927047,0.32679236458715066,tier1,high,22
Mexico,1.9819704811440932,Holt-Winters,3789979024.173788,11595809134.131489,21321176840.869057,0.32684041107732953,tier1,high,22
Portugal,10.24171778059817,Holt-Winters,3661973934.2788877,11187960010.77625,21728472365.872166,0.32731382045982216,tier1,high,22
American Samoa,3.400309119010819,Holt-Winters,6648726.735764706,20295346.018761337,29678901.04325509,0.3275985898253973,tier3,low,22
Andorra,60.53596167572616,Holt-Winters,577230366.6050267,1762005040.7197342,2576668226.9371467,0.32759858982539736,tier3,low,22
Nicaragua,1.0079510891117167,Holt-Winters,38683501.00808556,118082013.20006594,172677242.4334842,0.32759858982539736,tier3,low,22
Lesotho,0.9662432843179006,Holt-Winters,6981163.18783875,21310113.671611197,31162846.610036097,0.3275985898253974,tier3,low,22
New Caledonia,2.61723323089109,Holt-Winters,75199632.05826806,228296186.22339076,326023502.7883887,0.32939504291448934,tier1,high,22
India,1.1165513521764328,Holt-Winters,5711177826.419465,17137586860.631302,34776698155.09701,0.33325449334639173,tier1,high,22
Chad,0.2209466023965056,Holt-Winters,8520895.771756707,25478146.92317812,45569332.78479589,0.3344393843653139,tier1,high,22
Aruba,62.10615153788454,Holt-Winters,361435185.7347682,1079642124.926369,1893626782.6489754,0.3347731413864737,tier1,high,22
Austria,5.852134824030208,Holt-Winters,5053986717.104807,14995981618.41309,24653136727.581547,0.33702273353677475,tier1,high,22
Lithuania,1.513005692826705,Holt-Winters,281957309.653936,833842184.5291286,1360387133.8289018,0.3381422946515444,tier1,high,22
Puerto Rico,3.4358638743455496,Holt-Winters,995801774.6089844,2942608663.7123756,4406469584.362197,0.33840781714843704,tier2,medium,22
Cayman Islands,16.223776071249617,Holt-Winters,344490591.8865408,1017560993.2516787,1822506351.4410033,0.33854539842933634,tier1,high,22
Pakistan,0.3091214451961382,Holt-Winters,267863218.42734978,785973024.940769,1264684361.5692692,0.3408045949764446,tier1,high,22
Barbados,18.50288029897614,Holt-Winters,373748103.2853122,1096537891.7399735,1615878209.0271878,0.34084376481714923,tier1,high,22
Turks and Caicos Islands,24.802825780177702,Holt-Winters,99916887.24818435,292079208.72847116,386007233.7185624,0.34208832488679874,tier2,medium,22
British Virgin Islands,,Holt-Winters,170129862.1678625,494735205.63206255,706157459.772835,0.34388064611352737,tier2,medium,22
Qatar,8.87162643043621,Holt-Winters,5872346098.403599,17056807198.32574,31147929310.05232,0.34428167183480946,tier1,high,22
Malta,7.253121406924236,Holt-Winters,416017588.0318577,1207386894.7563777,1706548831.676545,0.3445602978122438,tier1,high,22
Singapore,5.4167977354618255,Holt-Winters,8870700006.589455,25692950759.512848,49491154189.298584,0.3452581250639367,tier1,high,22
China,0.194363173754971,Holt-Winters,10181730794.93528,29441395493.251663,48324745451.44496,0.34583044126658535,tier1,high,22
Jamaica,13.012635811390464,Holt-Winters,733513638.1099713,2119775953.8960445,2811883298.8295894,0.346033568671165,tier1,high,22
Moldova,4.490151764097514,Holt-Winters,179283861.6493244,516878185.468734,1031861916.5080132,0.3468590215056953,tier1,high,22
Canada,1.146625637297383,Holt-Winters,7350579647.664487,21183784258.912773,30472885420.085384,0.3469908661183535,tier1,high,22
Luxembourg,8.076919710144265,Holt-Winters,1642293824.3649104,4731681894.311644,7504794702.812954,0.3470845802925279,tier1,high,22
Australia,3.443109022045191,Holt-Winters,10368881320.425047,29702562449.506638,51981188345.53599,0.3490904644355785,tier1,high,22
Burkina Faso,1.0790370633552802,Holt-Winters,88446147.34078643,253071654.60079384,500995721.3191964,0.3494905325541306,tier1,high,22
Palau,43.6260616949656,Holt-Winters,47179139.42756463,134410193.05858648,203807284.57525143,0.35100864267786797,tier1,high,22
French Polynesia,12.985123473768825,Holt-Winters,299388521.69831496,852295532.9246187,1338272992.242163,0.351273132537695,tier2,medium,22
"Micronesia, Fed. Sts.",6.852791878172589,Holt-Winters,10475323.53682155,29696230.015296627,42436978.946107656,0.35274927259876676,tier1,high,22
Kiribati,2.382649235221923,Holt-Winters,2032108.0363240645,5714319.241165364,7452463.5267307395,0.355616819880305,tier1,high,22
Sweden,2.005752702573564,Holt-Winters,4240795821.2230654,11915855608.381142,18264344469.241795,0.3558952005293063,tier1,high,22
Germany,1.475080389646547,Holt-Winters,23912156709.359074,66925017718.37604,96951628265.4201,0.35729772698727813,tier1,high,22
Denmark,2.6337467297563477,Holt-Winters,3798862892.9542828,10574565226.75249,15439637703.604492,0.3592453033760269,tier1,high,22
Ethiopia,3.679391149719911,Holt-Winters,1381098187.4698083,3843485837.84484,7680696166.712981,0.3593347928775594,tier1,high,22
Iceland,3.569497724752752,Holt-Winters,364959405.43377936,1013585256.1773758,1408975644.4699373,0.36006779223504415,tier1,high,22
Latvia,2.6586501154422324,Holt-Winters,438031931.5565555,1212403249.3769236,2232725246.4819927,0.3612922777810668,tier1,high,22
Tanzania,4.300574383019247,Holt-Winters,1298105733.5833333,3590191705.4867516,6566599095.788584,0.36157003304293983,tier1,high,22
"Hong Kong SAR, China",9.0055886439191,Holt-Winters,15576027916.496567,42873060082.84058,74822175295.87823,0.3633057189386554,tier1,high,22
Dominican Republic,8.501105596328618,Holt-Winters,3468130412.7801294,9371047754.127201,12425941472.398481,0.3700899305792881,tier1,high,22
New Zealand,5.149710709587558,Holt-Winters,5474842437.385069,14727276343.014732,24306395549.62311,0.3717484692939731,tier1,high,22
